{
    "Level": [
        {
            "type": "<class 'aiballs.aiballs.PlayerCharacter'>",
            "mass": 6700757.707976206,
            "posX": 615.59930207899,
            "posY": 126.51037168792027,
            "velocityX": -91.14539146913792,
            "velocityY": -15.77785666268646,
            "color": [
                0,
                0,
                0,
                255
            ]
        },
        {
            "type": "<class 'aiballs.ball.Ball'>",
            "mass": 66324.66084786376,
            "posX": 774.889107845148,
            "posY": 442.7791366705591,
            "velocityX": -704.7471394545751,
            "velocityY": 154.56329487597898,
            "color": [
                0,
                255,
                0,
                255
            ]
        }
    ]
}