{
    "Level": [
        {
            "type": "<class 'aiballs.aiballs.PlayerCharacter'>",
            "mass": 7294691.677333632,
            "posX": 364.47838281844065,
            "posY": 135.1543731283059,
            "velocityX": 17.663100056608908,
            "velocityY": 3.1845438245119766,
            "color": [
                0,
                255,
                0,
                255
            ]
        },
        {
            "type": "<class 'aiballs.ball.Ball'>",
            "mass": 840010.4645591524,
            "posX": 296.5184901597587,
            "posY": 502.9621391753165,
            "velocityX": 2.5398614094944376,
            "velocityY": 12.193265185614711,
            "color": [
                0,
                255,
                0,
                255
            ]
        }
    ]
}