{
    "Level": [
        {
            "type": "<class 'aiballs.aiballs.PlayerCharacter'>",
            "mass": 4776349.1849564295,
            "posX": 325.4768415074233,
            "posY": 365.90217985678476,
            "velocityX": 53.32037954304116,
            "velocityY": 3.952053015870676,
            "color": [
                0,
                0,
                0,
                255
            ]
        },
        {
            "type": "<class 'aiballs.ball.Ball'>",
            "mass": 1472002.9050375293,
            "posX": 592.4351287178794,
            "posY": 387.3327454926339,
            "velocityX": -19.63470318144265,
            "velocityY": 55.29221411678713,
            "color": [
                0,
                255,
                0,
                255
            ]
        },
        {
            "type": "<class 'aiballs.ball.Ball'>",
            "mass": 450520.9756094706,
            "posX": 381.9430583911327,
            "posY": 507.21329703376796,
            "velocityX": -5.467331107267187,
            "velocityY": 12.023967778317916,
            "color": [
                0,
                255,
                0,
                255
            ]
        },
        {
            "type": "<class 'aiballs.ball.Ball'>",
            "mass": 87163.79782253395,
            "posX": 152.9412811347674,
            "posY": 113.59431430850344,
            "velocityX": -47.512692066563844,
            "velocityY": 95.65449841539862,
            "color": [
                0,
                255,
                0,
                255
            ]
        }
    ]
}