{
    "Level": [
        {
            "type": "<class 'aiballs.ball.Ball'>",
            "mass": 7697078.306943621,
            "posX": 545.924876587217,
            "posY": 273.85947130117205,
            "velocityX": -18.687056524181482,
            "velocityY": 16.939655913511437,
            "color": [
                0,
                255,
                0,
                255
            ]
        }
    ]
}