{
    "Level": [
        {
            "type": "<class 'aiballs.aiballs.PlayerCharacter'>",
            "mass": 12413944.892492883,
            "posX": 350.05036960607083,
            "posY": 398.0510514710822,
            "velocityX": -63.2146486356672,
            "velocityY": -44.32556711739281,
            "color": [
                0,
                255,
                0,
                255
            ],
            "texture": "shroom",
            "child_texture": "leaf"
        }
    ]
}