{
    "Level": [
        {
            "type": "<class 'aiballs.aiballs.PlayerCharacter'>",
            "mass": 4688542.027901189,
            "posX": 675.3900195851629,
            "posY": 165.1981414126325,
            "velocityX": 50.63360001889146,
            "velocityY": -27.787194467707387,
            "color": [
                0,
                0,
                0,
                255
            ]
        },
        {
            "type": "<class 'aiballs.ball.Ball'>",
            "mass": 38710.71294717543,
            "posX": 141.345971753931,
            "posY": 224.45933577519327,
            "velocityX": -677.6501342591598,
            "velocityY": -245.02792834596056,
            "color": [
                0,
                255,
                0,
                255
            ]
        }
    ]
}